{
  "welcomeFile": "/launchpad.html",
  "authenticationMethod": "route",
  "logout": {
    "logoutEndpoint": "/app-logout",
    "logoutPage": "/"
},
  "routes": [
    {
      "source": "^/bsnc-vat-0040-service/(.*)$",
      "target": "/bsnc-vat-0040-service/$1",
      "destination": "BSNC_VAT-app-srv",
      "authenticationType": "xsuaa",
      "csrfProtection": false
    },
    {
      "source": "^/resources/(.*)$",
      "target": "/resources/$1",
      "authenticationType": "none",
      "destination": "ui5"
    },
    {
      "source": "^/test-resources/(.*)$",
      "target": "/test-resources/$1",
      "authenticationType": "none",
      "destination": "ui5"
    },
    {
      "source": "^(.*)$",
      "target": "$1",
      "service": "html5-apps-repo-rt",
      "authenticationType": "xsuaa"
    },
    {
        "source": "^/app/(.*)$",
        "target": "$1",
        "localDir": ".",
        "cacheControl": "no-cache, no-store, must-revalidate",
        "authenticationType": "xsuaa"
    },
    {
        "source": "^/user-api(.*)",
        "target": "$1",
        "service": "sap-approuter-userapi"
    },
    {
        "source": "^/(.*)$",
        "target": "$1",
        "destination": "srv-api",
        "csrfProtection": true,
        "authenticationType": "xsuaa"
    }
  ]
}
